﻿기관코드;기관명;우편번호;주소;이메일;입력일자;;
ED087;강원인력개발원;250885;강원 홍천군 북방면 중화계리 강원인력개발원;;2013-12-04 10:42;;
ED072;한국전기직업전문학교;487911;경기도 포천시 신북면 가채리 145;hanjik2727@naver.com;2006-10-19 09:16;;
ED073;한국전기공사협회부설;157718;서울 강서구 등촌2동 533-2 한국전기공사협회;encupa@empal.com;2006-10-18 13:31;;
ED075;대원전기교육원;368906;충북증평군증평읍연탄리510-14외5필지;xenia30@hanmail.net;2006-10-19 10:43;;
ED074;한일전기기술학원;525811;전남함평군학교면복천리 421-1;hanil2377@naver.com;2006-10-19 14:55;;
ED079;대광전기부설학원;689854;울산울주군범서읍두산리 775번지;dkelec@empal.com;2006-10-19 15:29;;
ED081;호남전기기술학원;580924;전북정읍시태인면매계리;honam9119@yahoo.co.kr;2006-10-23 16:32;;
ED078;영남전기기술교육원;627821;경남밀양시단장면단장리;pico12@hanmail.net;2006-10-24 09:45;;
ED070;대한전기협회부설;122876;서울은평구수색동 160;keatc1@kornet.net;2006-10-25 15:57;;
ED050;중앙교육원;139800;서울 노원구 공릉2동 170-2;;2006-11-06 14:26;;
ED082;성광직업전문학교;712841;경북 경산시 와촌면 강학리35-1;l2195@hanafos.com;2006-11-28 13:52;;
ED083;경기전기기술학원;441789;경기 수원시 권선구 권선동 도로교통안전관리공단경기도지부;;2010-11-24 14:15;;
ED085;남부지중전기학원;10059;서울 중구 서울중앙우체국사서함;;2012-05-10 09:48;;
ED076;영진전기기술학원;638971;경남고성군영오면오서리 1611-205-11;554601;2006-10-18 15:55;;
ED077;현대전기기술학원;689854;울산울주군범서읍두산리 781번지;570110@hanafos.com;2006-10-18 17:44;;
