﻿번호;설비;점검항목;비용;주기;신청업체
1 ;가공송전선로;보통순시;무상;2회/년;0 
2 ;가공송전선로;전선접속개소 편심측정;유상;요청시;0 
3 ;가공송전선로;불량애자 검출;유상;요청시;0 
4 ;가공송전선로;기별점검;무상;1회/년;0 
5 ;가공송전선로;고장순시;무상;발생시;0 
6 ;가공송전선로;정밀점검;유상;요청시;0 
7 ;지중송전선로;보통순시;무상;2회/년;0 
8 ;지중송전선로;맨홀점검;유상;요청시;0 
9 ;지중송전선로;케이블 및 접속함 점검;유상;요청시;0 
10 ;지중송전선로;PD 측정;유상;요청시;0 
11 ;지중송전선로;고장순시;무상;발생시;1 
12 ;변압기;절연유 내압시험;무상;1회/년;1 
13 ;변압기;초음파 진단;무상;필요시;0 
14 ;변압기;보조기기류 확인점검;무상;2회/년;1 
15 ;개폐장치;GIS 부분방전 측정;무상;1회/년;1 
16 ;개폐장치;X-Ray 측정;유상;필요시;0 
17 ;개폐장치;Gas중 수분 및 SO2 측정;무상;2회/년;1 
18 ;개폐장치;Gas 누기 측정;무상;2회/년;1 
19 ;개폐장치;조작기구부 확인점검;무상;2회/년;0 
20 ;공통;접속개소 과열측정;무상;2회/년;1 
21 ;공통;피뢰기 누설전류 측정;무상;2회/년;1 
22 ;공통;제어회로 점검;무상;2회/년;1 
23 ;보호설비;일반점검;무상;2회/년;1 
24 ;보호설비;정밀점검;무상;휴전시;1 
